utc,code_hash,config,kind,balanced_accuracy,detail
2026-10-03T16:39:48+00:00,2f94f1ea87a5,S,LOO,0.415,"{""Batch_1"": ""4/7"", ""Batch_2"": ""1/7"", ""Batch_3"": ""9/17""}"
2026-10-03T16:39:48+00:00,2f94f1ea87a5,F,LOO,0.588,"{""Batch_1"": ""5/7"", ""Batch_2"": ""2/7"", ""Batch_3"": ""13/17""}"
2026-10-03T16:48:21+00:00,41d7d36b05ae,K_exploratory,LOO,0.493,"{""Batch_1"": ""3/7"", ""Batch_2"": ""2/7"", ""Batch_3"": ""13/17""}"
2026-10-03T17:16:17+00:00,9c853eb2175f,F+C_exploratory,LOO,0.541,"{""Batch_1"": ""4/7"", ""Batch_2"": ""2/7"", ""Batch_3"": ""13/17""}"
2026-10-03T17:25:18+00:00,d40d7f2c5ab1,two_step_all_kpis_exploratory,LOO,0.636,"{""Batch_1"": ""4/7"", ""Batch_2"": ""4/7"", ""Batch_3"": ""13/17""}"
2026-10-03T17:26:10+00:00,d40d7f2c5ab1,two_step_non_session_kpis_exploratory,LOO,0.588,"{""Batch_1"": ""4/7"", ""Batch_2"": ""3/7"", ""Batch_3"": ""13/17""}"
2026-10-03T19:17:40+00:00,0ed523cd11e3,S,LOO,0.482,"{""Batch_1"": ""5/7"", ""Batch_2"": ""1/7"", ""Batch_3"": ""10/17""}"
2026-10-03T19:17:40+00:00,0ed523cd11e3,F,LOO,0.608,"{""Batch_1"": ""5/7"", ""Batch_2"": ""2/7"", ""Batch_3"": ""14/17""}"
2026-10-03T19:31:09+00:00,fb8f4c44fcca,F+C_exploratory,LOO,0.588,"{""Batch_1"": ""4/7"", ""Batch_2"": ""3/7"", ""Batch_3"": ""13/17""}"
2026-10-03T19:33:50+00:00,fb8f4c44fcca,K_exploratory,LOO,0.493,"{""Batch_1"": ""3/7"", ""Batch_2"": ""2/7"", ""Batch_3"": ""13/17""}"
2026-10-03T19:39:11+00:00,fb8f4c44fcca,two_step_all_kpis_exploratory,LOO,0.703,"{""Batch_1"": ""5/7"", ""Batch_2"": ""4/7"", ""Batch_3"": ""14/17""}"
2026-10-03T19:40:03+00:00,fb8f4c44fcca,two_step_non_session_kpis_exploratory,LOO,0.56,"{""Batch_1"": ""4/7"", ""Batch_2"": ""2/7"", ""Batch_3"": ""14/17""}"
2026-10-03T19:56:04+00:00,993969fc4381,D_alone_diagnostic,LOO,0.616,"{""Batch_1"": ""3/7"", ""Batch_2"": ""5/7"", ""Batch_3"": ""12/17""}"
2026-10-03T20:02:49+00:00,556498b25a56,cascade_fixed_exploratory,LOO,0.56,"{""Batch_1"": ""3/7"", ""Batch_2"": ""3/7"", ""Batch_3"": ""14/17""}"
2026-10-03T20:02:49+00:00,556498b25a56,cascade_nested_exploratory,LOO,0.608,"{""Batch_1"": ""5/7"", ""Batch_2"": ""2/7"", ""Batch_3"": ""14/17""}"
2026-10-03T20:14:40+00:00,ea9a6efeef70,fingerprint_exploratory,LOO,0.627,"{""Batch_1"": ""4/7"", ""Batch_2"": ""3/7"", ""Batch_3"": ""15/17""}"
2026-10-03T20:20:08+00:00,992cfe58cd17,fingerprint_B1vB2_exploratory,LOO,0.643,"{""all"": ""9/14"", ""top3"": ""9/14"", ""stump"": ""4/14""}"
2026-10-03T21:16:23+00:00,52e15a636647,final_FP,LOO,0.703,"{""Batch_1"": ""5/7"", ""Batch_2"": ""4/7"", ""Batch_3"": ""14/17""}"
2026-10-03T21:21:20+00:00,52e15a636647,final_FP+S,LOO,0.655,"{""Batch_1"": ""5/7"", ""Batch_2"": ""3/7"", ""Batch_3"": ""14/17""}"
2026-10-03T22:19:03+00:00,1df3175447d6,decision_rule_fingerprint_x_F_exploratory,LOO,0.846,"{""metric"": ""accuracy when answering (not balanced)"", ""coverage"": ""26/31 (84%)"", ""LOGO_coverage"": ""23/31 (74%)"", ""LOGO_accuracy_when_answering"": 0.913}"
